,Occurence_Zemmour,Occurence_Mel,Occurence_Mac
cnews,3012,140,13
france,952,4358,1754
face,926,419,235
plus,820,2015,1012
français,584,654,497
tout,434,1083,329
faut,396,2082,296
fait,350,1150,302
https,346,2196,108
tweet,334,307,7
politique,326,1041,209
comme,310,873,282
tous,298,1110,672
faire,288,1510,508
soir,286,496,143
gauche,284,439,25
depuis,282,427,302
contre,268,1668,415
aujourd,252,573,460
hui,252,573,460
entre,252,433,295
cette,248,1231,512
quand,242,660,98
immigration,242,55,14
être,240,1033,449
pays,230,871,512
cela,214,315,134
ans,212,496,374
macron,210,1715,768
monde,206,947,318
gens,204,878,35
merci,194,318,304
française,194,195,172
sans,194,620,220
dit,188,683,75
veut,184,405,40
europe,178,1336,756
très,174,277,147
parce,172,421,121
com,170,3181,211
avoir,166,482,162
alors,162,267,43
grand,162,403,157
peuple,158,1028,151
ici,156,431,201
histoire,154,203,182
dire,154,565,126
rien,154,531,132
peut,152,722,195
bien,150,415,122
emmanuelmacron,150,28,966
pouvoir,148,377,77
valeurs,146,43,126
guerre,144,334,65
république,142,924,298
débat,138,434,88
doit,136,620,285
islam,136,29,15
car,134,241,74
toutes,134,263,212
youtube,134,2643,38
droit,134,423,105
maintenant,134,323,71
ceux,134,611,336
etat,132,53,24
propos,128,156,11
toujours,126,271,182
jean,122,5127,50
émission,122,448,11
homme,120,156,69
veulent,120,171,63
années,116,64,87
emmanuel,116,297,710
jamais,114,388,257
état,112,626,171
aussi,112,440,235
droite,112,453,23
loi,110,749,80
non,108,594,87
président,108,608,309
liberté,108,372,142
suite,108,186,52
toute,106,241,144
deux,106,352,209
moins,106,242,76
leurs,106,233,221
donc,102,222,36
culture,102,92,118
discours,98,879,133
fois,98,305,113
pourquoi,98,341,43
demain,98,162,133
pense,96,98,43
temps,96,487,172
gaulle,94,41,25
élites,92,8,5
youtu,92,1303,24
encore,92,280,161
invité,90,624,41
voir,90,246,52
gouvernement,90,622,426
chaîne,90,124,12
nouveau,90,335,112
démocratie,90,247,63
problème,86,342,29
idéologie,86,16,3
autres,86,415,117
beaucoup,86,205,137
entretien,84,156,22
chez,84,166,65
société,82,276,97
retrouvez,80,808,31
sous,80,250,49
femmes,78,179,192
extrême,78,283,15
question,78,438,40
rdv,76,149,3
vie,76,336,220
mort,76,121,39
jour,76,279,169
font,74,178,81
retrouver,74,98,72
après,74,527,219
oct,74,16,56
première,72,301,169
rendez,72,658,129
étrangers,72,13,10
européenne,72,454,277
violence,72,188,38
compte,72,221,60
nombreux,70,148,31
système,70,212,65
mot,70,161,15
elles,70,116,84
trump,70,130,27
enfants,70,110,121
général,70,207,42
civilisation,70,28,7
trop,70,158,72
lundi,68,169,9
napoléon,68,16,4
heure,68,223,31
chose,68,234,32
nation,68,125,184
nov,68,29,64
sujet,68,167,49
police,68,296,32
donne,68,160,39
parle,66,313,37
école,66,118,85
jeunes,66,129,159
hommes,66,74,142
cet,66,296,107
premier,64,361,200
paris,64,451,200
covid,64,188,99
unis,64,76,88
raison,62,226,20
etats,62,12,19
femme,62,36,21
parler,62,368,66
débattre,62,28,7
idées,62,118,26
partie,62,131,36
réalité,62,114,45
grande,62,172,110
dernier,60,123,51
personne,60,261,56
dont,60,263,109
politiques,60,245,42
grands,60,88,62
modèle,60,120,59
bfmtv,60,902,24
celle,60,207,101
chaque,58,192,190
argent,58,216,9
autre,58,335,59
celui,58,186,93
juges,58,22,7
frontières,58,64,40
européens,56,159,118
michel,56,43,34
population,56,76,24
fin,56,291,109
justice,56,187,86
disait,56,41,11
twitter,56,63,21
nationale,56,790,62
seul,56,198,44
identité,56,38,31
déjà,54,317,82
policiers,54,144,37
situation,54,247,97
hier,54,252,76
nom,54,87,50
pendant,54,194,61
bon,52,242,58
crise,52,291,119
voit,52,78,12
migrants,52,54,10
libre,52,166,35
puis,52,81,17
nouvelle,50,635,210
cher,50,105,32
intégralité,50,40,10
peur,50,133,34
avant,50,317,138
souveraineté,50,155,74
ministre,50,287,136
religion,50,99,12
petit,50,82,8
social,48,278,58
économie,48,202,88
françois,48,325,21
défendre,48,138,79
laïcité,48,195,21
contraire,48,54,18
confinement,48,111,19
rouen,48,5,9
moment,48,368,117
françaises,48,29,62
vont,46,171,59
mal,46,136,18
info,46,131,4
vrai,46,66,24
danger,46,95,23
banlieues,46,3,4
grandes,46,70,30
compris,46,65,20
pierre,46,62,29
classes,46,22,35
millions,46,335,124
industrie,46,62,56
permet,46,76,60
mêmes,46,107,62
replay,46,56,4
nantes,46,46,7
entreprises,46,109,105
devant,46,498,115
abord,44,178,25
sait,44,129,27
victimes,44,70,133
travail,44,520,238
force,44,374,112
vers,44,123,80
retour,44,157,73
accord,44,301,129
existe,44,121,25
mis,44,123,34
langue,44,36,46
novembre,44,445,41
livre,42,164,20
projet,42,300,242
vraiment,42,45,13
peuples,42,73,38
sol,42,26,15
américains,42,22,21
http,42,2145,394
mettre,42,318,85
passé,42,104,58
devenu,42,32,17
écologie,42,206,29
droits,42,193,87
arrêter,42,93,7
coup,42,267,16
vérité,42,54,30
mondialisation,42,5,21
semaine,42,385,46
aller,42,141,67
place,42,517,113
peu,42,84,37
présidentielle,42,484,43
année,40,199,123
mieux,40,136,75
mesures,40,132,47
économique,40,116,102
ensemble,40,118,458
thread,40,3,38
prend,40,102,15
majorité,40,106,22
dès,40,152,141
trois,40,113,85
parti,40,249,18
sécurité,40,236,202
échange,38,121,58
jusqu,38,119,61
niveau,38,113,47
américaine,38,22,10
public,38,244,56
violences,38,122,50
entière,38,32,25
imposer,38,29,4
combat,38,98,163
point,38,199,73
puissance,38,95,20
pire,38,63,20
vivre,38,144,97
pris,38,84,61
tant,38,108,73
algérie,38,31,19
permis,36,33,45
seule,36,105,46
oui,36,144,20
alain,36,16,6
avenir,36,354,198
génie,36,6,3
peuvent,36,102,43
catastrophe,36,63,4
service,36,220,80
arabe,36,8,6
autant,36,67,22
santé,36,190,119
classe,36,89,16
mitterrand,36,42,8
destin,36,3,35
suivre,36,90,50
gdarmanin,36,9,3
partir,36,132,53
bonne,36,175,53
dernière,36,134,26
direct,34,1695,337
islamique,34,7,4
sociales,34,150,18
allemagne,34,234,78
mots,34,69,51
doivent,34,165,66
lien,34,67,50
mois,34,254,151
appelle,34,187,33
amis,34,104,27
national,34,71,84
supprimer,34,45,9
réponse,34,484,80
bientôt,34,56,21
alliance,34,72,35
poutine,34,40,21
famille,34,90,74
part,34,151,83
campagne,34,1100,35
populaires,34,59,12
quel,34,143,28
désormais,34,126,53
nucléaire,34,311,29
corse,34,32,46
besoin,34,241,160
diversité,34,6,15
accueil,32,57,47
tour,32,268,64
marseille,32,786,36
ordre,32,166,74
détruire,32,70,9
lieu,32,154,42
comment,32,278,35
revenir,32,43,29
écoles,32,36,20
paix,32,276,147
heures,32,122,34
art,32,20,17
assez,32,143,23
respecter,32,45,23
comprendre,32,83,9
individus,32,6,4
sens,32,131,85
allemands,32,54,11
russie,32,134,56
rue,32,178,11
personnes,30,874,75
quoi,30,199,20
ville,30,68,54
quartiers,30,28,46
équipe,30,44,73
terme,30,41,27
origine,30,30,15
savoir,30,141,58
prennent,30,28,24
révolution,30,253,39
demande,30,209,21
rendre,30,111,61
siècle,30,34,47
explique,30,73,6
haine,30,65,25
brexit,30,141,59
vouloir,30,45,4
combattre,30,39,17
ennemi,30,61,19
turquie,30,42,11
lois,30,52,10
publique,30,613,41
sortir,30,218,43
début,30,167,64
dis,30,178,24
partout,30,165,97
reste,30,120,50
armée,30,76,27
payer,30,100,9
afrique,30,29,114
marché,30,140,29
franceinter,30,238,18
défense,30,197,81
terrorisme,30,104,143
parents,30,29,24
vidéo,30,648,25
crois,30,78,78
logique,30,48,6
quelques,30,310,90
points,30,108,14
train,30,174,41
jours,30,201,140
viendra,30,14,8
week,30,18,24
end,30,18,21
morts,30,62,38
plutôt,28,107,15
sociale,28,327,65
défend,28,40,8
salon,28,14,22
main,28,107,26
ligne,28,315,51
incarne,28,15,6
jeune,28,39,52
cause,28,198,36
visite,28,97,125
sociaux,28,225,30
instagram,28,20,5
journalistes,28,67,13
villes,28,59,26
lutte,28,312,144
cesse,28,37,8
refuse,28,69,6
nationalité,28,39,8
civile,28,54,48
discrimination,28,7,7
actualité,28,52,6
propagande,28,35,6
surtout,28,45,22
choisir,28,62,23
philippe,28,86,5
mourir,28,43,8
changer,28,193,72
marche,28,352,136
lille,28,325,4
entier,28,66,33
lors,28,127,40
lire,28,163,14
selon,28,58,8
chine,28,51,49
voilà,26,104,35
questions,26,263,47
guerres,26,42,8
venir,26,80,53
époque,26,23,4
enfant,26,19,43
moyens,26,132,60
quelle,26,109,17
traite,26,19,6
épidémie,26,34,20
institutions,26,109,19
sinon,26,43,4
arme,26,17,16
retraite,26,190,19
catholiques,26,7,12
chacun,26,129,165
lepoint,26,7,3
replying,26,179,232
sujets,26,62,41
emplois,26,113,80
victoire,26,177,38
vient,26,149,46
principe,26,34,8
bruxelles,26,33,46
cas,26,109,31
conséquences,26,14,25
protéger,26,44,233
espère,26,41,6
yeux,26,51,10
fort,26,51,73
mérite,26,23,9
veux,26,257,283
action,26,173,128
nord,26,55,12
trouve,26,63,9
terre,26,70,25
commission,24,349,38
progressiste,24,14,12
européen,24,385,252
and,24,11,56
merkel,24,161,69
presse,24,634,196
électeurs,24,45,4
telle,24,50,12
objectif,24,77,95
disponible,24,32,5
vendredi,24,266,7
expression,24,35,9
élection,24,398,29
associations,24,59,25
légitimité,24,8,5
denis,24,10,13
devons,24,128,328
citoyens,24,116,65
racisme,24,58,4
devenir,24,36,27
comprends,24,23,5
impôts,24,43,10
aucun,24,140,62
morale,24,34,4
hommage,24,92,90
syndicats,24,70,8
viennent,24,54,30
union,24,329,120
sentiment,24,16,11
solidarité,24,138,157
luc,24,5001,4
petits,24,55,9
mesure,24,71,25
agit,24,80,30
chinois,24,15,14
mondiale,24,57,69
invite,22,52,6
facebook,22,647,126
différence,22,19,10
mouvement,22,366,27
passe,22,118,36
derrière,22,34,30
nice,22,19,16
rester,22,54,23
donner,22,149,74
considère,22,23,5
territoire,22,48,67
euro,22,130,57
solution,22,89,63
près,22,99,38
choix,22,85,69
fais,22,90,12
genre,22,37,4
matin,22,260,136
républicains,22,43,3
menace,22,82,37
critique,22,29,9
plan,22,278,125
djihadistes,22,4,4
bout,22,93,44
prix,22,174,66
otan,22,115,36
autorité,22,46,16
longtemps,22,45,37
pma,22,20,4
grâce,22,43,95
équilibre,22,10,6
conscience,22,73,18
pensée,22,58,27
croire,22,64,33
dailymotion,22,250,18
quelque,22,89,20
quinquennat,22,19,44
prise,22,86,23
coronavirus,22,206,8
esprit,22,243,89
prendre,22,191,87
populaire,22,336,10
faux,22,41,5
seulement,22,103,35
suppression,22,30,7
élus,22,143,25
terroristes,22,38,57
responsables,22,63,18
perdu,22,45,29
réduire,22,28,28
suivez,22,697,41
informations,22,25,9
simple,22,46,19
pen,22,358,40
blanc,22,32,4
génération,22,36,71
pourtant,22,75,23
produits,20,40,24
catholique,20,6,6
virus,20,25,52
détruit,20,42,4
pleine,20,65,16
moyen,20,87,18
saint,20,143,101
realdonaldtrump,20,6,15
victime,20,27,10
vote,20,397,20
retrouve,20,31,7
allez,20,104,12
élections,20,273,29
vision,20,84,37
plateau,20,25,3
candidat,20,354,21
erdogan,20,37,6
particulier,20,96,33
normes,20,26,8
mise,20,107,23
trente,20,3,6
machine,20,20,3
impression,20,30,3
drame,20,8,11
entreprise,20,162,64
quotidien,20,20,100
intérêts,20,63,35
allié,20,11,5
second,20,91,17
vaccin,20,65,32
père,20,21,18
charles,20,13,28
revanche,20,9,4
autour,20,111,66
humanité,20,227,36
député,20,147,6
asile,20,29,20
leçons,20,35,11
réseaux,20,161,22
interdire,20,52,6
pratique,20,21,6
américain,20,14,10
rapport,20,107,30
amour,20,33,18
iran,20,29,21
élu,20,133,27
pourrait,20,84,3
intérieur,20,51,11
scolaire,20,18,14
uvre,20,16,64
maire,20,71,21
presque,20,18,8
idée,20,134,25
empêcher,20,57,5
verts,18,28,4
fonction,18,47,23
référendum,18,220,12
met,18,74,13
ancien,18,65,13
passer,18,162,32
annonce,18,76,7
conseil,18,162,155
stratégie,18,93,54
belle,18,57,31
peine,18,53,29
réforme,18,193,44
ennemis,18,16,8
fermer,18,30,9
montré,18,24,16
étrangère,18,11,11
sauver,18,30,49
réel,18,14,8
jacques,18,37,25
éducation,18,53,82
juge,18,34,3
html,18,31,11
républicain,18,59,16
italiens,18,4,3
soutien,18,346,113
tient,18,51,43
relations,18,25,19
frontière,18,33,5
militaires,18,79,78
affaire,18,156,13
possible,18,335,53
normal,18,44,5
beau,18,42,9
dernières,18,18,35
appris,18,15,12
célèbre,18,8,7
numéro,18,62,7
vite,18,75,52
saison,18,16,6
âge,18,33,12
tombe,18,24,3
profondément,18,8,22
choses,18,124,55
propre,18,54,17
vaut,18,37,4
retraites,18,357,14
russes,18,42,3
honneur,18,67,59
contrairement,18,21,10
voulu,18,43,22
mille,18,11,8
vois,18,30,17
contrôler,18,16,3
contrôle,18,90,18
chaleureux,18,14,6
débats,18,43,8
disent,18,108,10
sanitaire,18,173,44
judiciaire,18,45,6
watch,18,161,23
camp,18,46,19
positive,18,11,4
bataille,18,83,55
faisait,16,34,5
tue,16,17,3
leçon,16,41,11
constitutionnel,16,17,3
madame,16,201,32
européennes,16,174,51
voie,16,22,26
auteur,16,18,8
réussi,16,14,24
responsabilité,16,65,109
revient,16,53,13
travers,16,10,33
charge,16,35,26
inter,16,143,33
dessus,16,99,8
voix,16,81,69
vivons,16,23,34
ainsi,16,82,32
fond,16,82,9
meilleur,16,47,33
baisser,16,25,7
interdit,16,36,5
article,16,114,21
masques,16,83,11
développement,16,20,66
volonté,16,55,92
louis,16,21,8
théâtre,16,11,6
région,16,28,66
vivent,16,35,29
manque,16,67,12
enfin,16,86,17
mardi,16,339,12
gagné,16,33,17
intérêt,16,168,23
fonctionnaires,16,36,7
rappeler,16,31,13
londres,16,6,27
protectionnisme,16,56,3
abandonner,16,13,6
empêche,16,20,6
revoir,16,15,8
masse,16,69,6
battre,16,18,25
dites,16,33,4
certains,16,107,49
laquelle,16,109,30
royaume,16,36,37
chefs,16,29,20
islamiste,16,13,19
raisons,16,50,8
croit,16,25,11
démocratique,16,56,46
pologne,16,22,11
rencontre,16,192,99
patrons,16,49,4
doute,16,41,17
pensez,16,23,4
commune,16,113,65
bat,16,19,11
ministres,16,40,28
universalisme,16,11,3
juillet,16,270,51
sud,16,48,24
armes,16,60,45
double,16,74,7
diplomatie,16,19,6
meilleurs,16,16,10
prochain,16,78,36
faveur,16,34,17
importe,16,54,11
nouveaux,16,46,62
juin,16,416,40
jeunesse,16,35,121
euros,16,278,104
prisons,16,10,4
appliquer,16,43,5
insécurité,16,21,3
vraie,16,20,39
soi,16,64,22
vague,16,68,9
nicolas,16,25,4
étudiants,16,55,51
israël,16,16,23
trouver,16,55,55
milliers,16,86,39
devenue,16,10,11
risque,16,46,30
riches,16,197,4
cour,16,44,9
vais,16,63,26
maison,16,56,38
porter,16,58,87
manière,16,149,50
tribune,16,146,13
rôle,16,70,64
travailler,16,87,62
ailleurs,16,63,8
résultat,16,78,9
notamment,16,91,46
parlé,16,209,10
différentes,16,13,6
interview,16,157,37
pourra,16,24,22
événement,14,156,4
actuellement,14,35,4
faits,14,29,23
indépendance,14,62,29
délinquance,14,23,5
preuve,14,45,25
site,14,126,21
septembre,14,306,24
rassemblement,14,96,14
conflit,14,20,14
matière,14,131,46
important,14,45,31
souvent,14,40,39
chef,14,75,26
ami,14,33,20
uni,14,38,39
aide,14,80,54
commencer,14,71,20
officiel,14,21,271
aucune,14,167,41
régler,14,54,12
livres,14,12,8
luttes,14,140,4
parlent,14,27,6
chère,14,7,9
retrouvons,14,9,9
patrie,14,97,13
économiques,14,27,43
courage,14,41,80
générations,14,16,16
salaire,14,66,9
minutes,14,60,38
évidemment,14,14,3
progrès,14,33,54
exemple,14,79,53
production,14,131,41
devient,14,44,10
pose,14,52,10
dimanche,14,626,29
féministe,14,9,6
haut,14,54,47
unique,14,49,31
égalité,14,152,79
enjeux,14,25,26
plupart,14,6,3
garde,14,73,13
plaisir,14,15,9
penser,14,67,26
stratégique,14,13,35
voulait,14,26,3
communauté,14,27,58
convictions,14,10,10
venu,14,58,25
aime,14,30,14
davantage,14,67,30
montrer,14,47,15
science,14,17,14
mali,14,53,21
acteurs,14,11,83
monsieur,14,568,12
historique,14,37,54
présence,14,44,32
candidature,14,89,4
celles,14,99,115
certaine,14,14,4
scène,14,46,10
réfugiés,14,31,16
défendent,14,15,4
antisémitisme,14,37,21
forme,14,60,28
groupes,14,54,31
simplement,14,11,13
libertés,14,117,17
faiblesse,14,5,3
territoires,14,15,87
lutter,14,81,77
pensent,14,34,9
fou,14,12,7
occasion,14,136,57
pression,14,30,10
centre,14,42,53
maires,14,20,34
tête,14,180,15
long,14,68,26
prison,14,73,4
souhaite,14,35,68
nouvel,14,76,18
élèves,14,39,39
acheter,14,23,3
lumières,14,7,7
professeur,14,13,8
janvier,14,444,26
gpa,14,11,5
fidèles,14,7,6
individu,14,3,3
mosquée,14,31,4
laisse,14,41,9
accueillir,14,29,35
voici,14,119,37
voulez,14,87,3
rêve,14,18,25
vue,12,109,8
baisse,12,24,8
anciens,12,18,12
rassembler,12,46,21
dictature,12,28,3
belles,12,10,6
partage,12,55,40
militaire,12,64,53
cultures,12,8,4
impossible,12,28,12
jeu,12,72,14
venus,12,16,26
émissions,12,12,18
côtés,12,60,165
angela,12,20,65
cri,12,4,4
langage,12,7,3
faites,12,229,65
résultats,12,36,40
fête,12,131,19
rentrer,12,18,9
crime,12,41,11
commence,12,101,20
tel,12,39,15
programme,12,657,76
continuer,12,61,84
intime,12,6,7
représentent,12,13,4
énergétique,12,35,13
mode,12,37,4
anti,12,107,13
véritable,12,23,18
rendent,12,14,4
décrit,12,12,4
héritage,12,20,15
savent,12,46,12
record,12,24,8
montpellier,12,20,7
internationale,12,59,105
vive,12,50,36
éviter,12,34,18
salariés,12,237,62
officielle,12,36,7
conditions,12,91,26
liban,12,20,53
juste,12,119,58
image,12,27,22
fierté,12,14,51
côté,12,86,21
mères,12,4,6
bit,12,711,33
reconnaître,12,11,23
oublier,12,18,26
notes,12,5,3
donné,12,113,21
journaliste,12,38,4
esclavage,12,55,13
hôpital,12,56,29
sentent,12,7,3
crimes,12,10,7
produit,12,79,17
scandale,12,37,4
partis,12,56,11
punir,12,7,3
colonisation,12,4,6
espace,12,106,28
laurent,12,35,5
déclarations,12,9,8
universel,12,57,20
croient,12,16,8
violents,12,29,8
naissance,12,24,6
magnifique,12,32,10
vit,12,49,19
video,12,27,29
congrès,12,48,30
tiers,12,13,6
obtenu,12,14,7
devrait,12,75,3
faible,12,18,7
laisser,12,48,33
également,12,73,23
parole,12,179,25
culturelle,12,13,13
lorsqu,12,32,12
institut,12,56,9
écoute,12,28,9
chômage,12,103,41
jeudi,12,436,7
ouvert,12,29,29
respecte,12,26,5
culturel,12,8,16
revenus,12,14,6
poids,12,22,4
passage,12,52,11
détenus,12,5,4
difficile,12,19,23
humanisme,12,40,6
intelligence,12,26,27
agriculture,12,115,63
gagne,12,34,7
foi,12,34,13
jouer,12,21,17
cru,12,10,5
cité,12,10,14
chiffres,12,43,8
enseignement,12,50,15
respect,12,48,67
changé,12,33,23
etc,12,27,3
attendent,12,7,16
mère,12,5,8
université,12,92,30
renoncer,12,18,11
alliés,12,23,18
uniquement,12,15,4
forte,12,41,75
faibles,12,9,3
ambition,12,10,96
milliards,12,306,63
valeur,12,25,13
hauts,12,20,8
bravo,12,115,108
filière,12,6,32
mme,12,44,7
aides,12,13,21
rend,12,54,12
voiture,12,22,8
réaction,12,48,6
citoyen,12,52,10
demander,12,94,4
bac,12,27,5
propose,12,316,41
punchline,12,54,8
page,12,195,29
climat,12,118,118
grave,12,37,14
voulons,12,232,39
olivier,12,29,8
héros,12,21,66
marine,12,144,15
petite,12,54,6
favorable,12,25,12
parmi,12,42,19
prêt,12,58,14
écrit,12,40,17
heureux,12,58,83
cours,12,174,35
voté,10,117,6
marque,10,9,14
enseignants,10,45,11
feu,10,51,22
rendu,10,58,16
scientifiques,10,11,14
cadre,10,130,51
centaines,10,33,13
travaillent,10,32,14
saoudite,10,18,10
agenda,10,11,25
formidable,10,8,18
toulouse,10,155,15
chrétiens,10,12,4
capable,10,41,7
équivalent,10,19,4
aider,10,53,76
sciences,10,32,3
cadeau,10,11,4
façon,10,45,7
présidents,10,26,7
priorité,10,22,72
enjeu,10,30,15
régime,10,164,20
remettre,10,31,14
nature,10,93,10
exprimer,10,20,16
prochaine,10,36,26
lyon,10,124,17
familles,10,53,91
industriel,10,9,16
accepté,10,28,5
menacés,10,16,11
mensonge,10,21,5
causes,10,43,6
gloire,10,11,4
repose,10,14,6
transparence,10,9,16
compétence,10,5,4
syrie,10,124,54
franceinfo,10,160,4
malades,10,16,7
semble,10,24,5
absence,10,15,4
table,10,43,16
venue,10,17,6
populations,10,16,32
critiquer,10,6,3
concurrence,10,30,10
attentats,10,20,17
ivg,10,28,3
italie,10,39,27
discussion,10,112,24
religieuse,10,7,3
signe,10,62,7
rouge,10,47,12
rétablir,10,54,19
collectif,10,59,37
dirigeants,10,52,23
protection,10,29,78
contraintes,10,8,8
siècles,10,12,5
candidats,10,69,19
quartier,10,24,15
essayé,10,17,4
remplacer,10,13,4
semaines,10,39,49
xavier,10,13,6
visiter,10,6,11
octobre,10,264,21
décision,10,121,22
impose,10,12,6
objet,10,37,12
bonnes,10,23,13
plein,10,95,23
nombre,10,108,36
libres,10,21,12
musulmane,10,3,6
excellente,10,6,9
échanges,10,28,59
publiques,10,72,11
commun,10,483,71
allemande,10,59,40
refaire,10,7,3
agression,10,24,5
supprimé,10,9,3
arabie,10,18,10
critères,10,3,6
départ,10,57,24
assume,10,23,8
issus,10,4,10
regardez,10,41,19
prêts,10,50,32
métier,10,35,13
parlementaire,10,177,13
aimer,10,14,9
charges,10,5,9
généraux,10,29,11
environnement,10,21,39
porte,10,135,69
explosion,10,23,11
auteurs,10,10,9
choisi,10,27,23
coups,10,54,3
sort,10,75,7
groupe,10,324,24
totale,10,41,15
rejoignez,10,103,10
georges,10,3,5
restaurer,10,13,10
bas,10,77,21
rencontré,10,14,10
dette,10,277,15
fini,10,44,5
augmenter,10,101,8
extraordinaire,10,10,6
défends,10,32,11
attention,10,129,4
acte,10,68,21
victor,10,15,6
carrière,10,21,3
donald,10,21,13
sortie,10,147,29
papier,10,17,4
arrivée,10,56,52
construction,10,45,25
demandé,10,60,21
organisations,10,40,11
bilan,10,74,8
profonde,10,8,34
majeur,10,16,8
affronter,10,26,7
conseils,10,3,5
montre,10,44,16
échec,10,62,17
religieux,10,23,3
créer,10,115,74
juifs,10,19,13
mettent,10,35,4
presidentielle,10,56,7
bons,10,15,9
inscrivez,10,7,6
régimes,10,17,7
sang,10,30,16
soutenir,10,173,59
deuxième,10,98,34
plusieurs,10,126,62
services,10,48,39
succès,10,42,24
hors,10,64,14
unité,10,77,73
étrangères,10,48,7
noël,10,30,13
régions,10,24,19
loin,10,43,46
traiter,10,36,9
salaires,10,128,5
frères,10,7,19
racine,10,5,7
chers,10,9,12
accepter,10,41,14
prévoir,8,17,3
efficace,8,30,32
absolue,8,28,16
pandémie,8,36,47
radio,8,53,3
venez,8,34,7
états,8,139,121
nations,8,19,44
domaine,8,15,9
certaines,8,19,7
tués,8,7,7
digne,8,14,10
privé,8,50,16
delà,8,26,33
préféré,8,9,3
arrêtons,8,5,3
hauteur,8,12,35
désert,8,4,4
mediapart,8,33,3
djihadisme,8,6,6
désaccord,8,8,5
impuissance,8,5,3
japon,8,14,21
entends,8,6,25
bloquer,8,54,5
déchéance,8,30,4
sommet,8,90,115
permanence,8,19,3
discussions,8,14,7
attaque,8,55,35
front,8,154,40
puisse,8,79,39
norme,8,3,5
arabes,8,14,5
réponds,8,7,24
fous,8,15,3
riche,8,41,5
corses,8,4,9
représentants,8,25,13
quels,8,23,4
efficacité,8,9,44
places,8,18,12
édition,8,83,8
écologique,8,287,49
habitude,8,15,5
mandat,8,83,14
effort,8,23,42
redevenir,8,6,3
franchi,8,12,6
défaite,8,18,7
présidente,8,58,5
maisons,8,6,18
faite,8,41,18
pères,8,3,5
zone,8,39,47
instant,8,49,41
court,8,27,7
républicaine,8,84,10
connaît,8,27,7
pensons,8,30,8
adapter,8,4,21
bras,8,33,5
méthode,8,45,25
clair,8,27,35
métiers,8,22,22
annoncer,8,8,10
écologiques,8,38,4
médecins,8,18,11
relation,8,14,55
distribution,8,29,3
pouvons,8,88,58
discriminations,8,7,8
parlement,8,336,30
scientifique,8,16,15
exceptionnel,8,9,15
vaccins,8,79,34
générale,8,118,23
fil,8,31,13
local,8,117,7
confiance,8,125,106
obtenir,8,25,14
jaune,8,13,5
toucher,8,5,3
allé,8,37,5
vies,8,12,82
personnel,8,32,6
administration,8,15,12
règles,8,41,34
profit,8,33,4
choc,8,34,4
rire,8,13,4
menaces,8,32,9
sein,8,14,17
uns,8,47,12
prochaines,8,11,32
sport,8,7,43
strasbourg,8,139,20
établir,8,12,5
présent,8,105,20
pacte,8,29,24
dos,8,42,4
présente,8,51,19
symbole,8,37,23
message,8,67,108
habitants,8,35,50
envers,8,12,14
berlin,8,22,25
industriels,8,5,15
air,8,105,11
poser,8,50,3
attend,8,24,8
professionnel,8,32,6
sexuelle,8,3,3
arrête,8,29,3
seuls,8,35,16
paysans,8,23,4
mercredi,8,353,5
regardent,8,10,3
concept,8,13,3
différences,8,3,8
églises,8,14,3
continuent,8,12,12
synthèse,8,4,3
budget,8,91,27
affection,8,14,3
combattu,8,3,3
représente,8,37,4
africains,8,7,19
soumis,8,15,3
sais,8,54,37
perte,8,17,8
allait,8,28,7
dangereux,8,59,5
association,8,20,11
arrive,8,70,21
devoir,8,120,51
racines,8,7,8
médaille,8,3,16
périodes,8,4,3
daniel,8,14,10
intéresse,8,34,4
vacances,8,8,17
redonner,8,9,29
appel,8,161,57
dame,8,37,24
violente,8,19,4
envie,8,39,19
étranger,8,32,25
essai,8,3,4
six,8,34,13
applique,8,29,3
décidé,8,80,53
inégalité,8,9,6
lits,8,14,3
relever,8,12,37
permanente,8,26,4
décider,8,43,10
agir,8,76,120
lequel,8,62,17
définition,8,8,3
rappelle,8,18,7
fasse,8,44,5
essentiel,8,26,27
jeancastex,8,3,4
application,8,46,17
joué,8,11,6
décisions,8,51,27
condamne,8,38,16
exception,8,12,6
frère,8,3,6
sahel,8,9,113
russe,8,39,13
menacée,8,15,6
trouvent,8,11,5
résistance,8,65,18
écrire,8,18,31
influence,8,5,3
pompiers,8,11,43
george,8,13,9
masque,8,12,6
but,8,57,19
abolition,8,48,9
marseillaise,8,36,10
vice,8,16,4
principes,8,34,23
lecture,8,31,7
subir,8,8,7
moderne,8,12,4
nôtre,8,22,23
qualité,8,42,12
témoignage,8,4,7
christian,8,10,4
commencent,8,7,3
lendemain,8,52,14
répression,8,41,3
soigner,8,11,8
recherche,8,67,52
ouest,8,17,10
joue,8,44,19
cap,8,13,11
portent,8,15,19
entendre,8,37,20
décembre,8,275,22
favoriser,8,3,5
boris,8,4,3
ouvrir,8,40,39
robert,8,13,10
nationales,8,18,10
matériel,8,19,12
entrer,8,43,11
deviennent,8,9,7
potentiel,8,5,3
restaurants,8,9,6
émancipation,8,8,27
mariage,8,14,3
dignité,8,46,26
éléments,8,14,5
études,8,31,3
éolien,8,8,6
moindre,8,15,4
relance,8,52,73
pouvez,8,76,33
conférence,8,729,157
urs,8,3,11
éthique,8,7,9
mai,8,538,51
hasard,8,8,4
arnaud,8,16,10
mises,8,8,4
doses,8,6,26
indépendante,6,49,7
effets,6,15,7
convention,6,224,26
rencontres,6,26,16
moyennes,6,6,23
regard,6,23,11
assassiné,6,14,6
centres,6,10,5
palais,6,15,9
relocaliser,6,21,4
pareil,6,25,3
pauvres,6,159,5
extérieur,6,11,9
tard,6,27,14
seine,6,15,8
videos,6,176,80
février,6,353,13
pro,6,20,5
rencontrer,6,33,10
respecté,6,12,4
orient,6,13,27
apprend,6,11,6
langues,6,10,6
avril,6,686,38
ong,6,13,11
exercer,6,12,5
criminel,6,10,4
ouagadougou,6,10,5
protégés,6,5,13
laissé,6,17,8
gendarmes,6,6,23
création,6,54,36
faudra,6,44,7
couple,6,6,12
intégration,6,8,13
reconnaît,6,11,6
planète,6,51,49
moments,6,14,28
mur,6,52,4
légitime,6,12,8
calais,6,21,13
trouvé,6,18,14
haute,6,22,8
achat,6,13,11
née,6,23,5
mars,6,843,27
trafiquants,6,3,7
oublie,6,20,19
milieux,6,17,3
tuent,6,16,4
prenne,6,6,4
démocraties,6,3,15
relancer,6,33,17
facile,6,11,9
tiens,6,9,9
durant,6,13,57
expliquer,6,20,13
montée,6,22,9
secrétaire,6,35,18
dépasse,6,8,4
poursuivre,6,7,44
agriculteurs,6,10,54
battus,6,6,11
chasse,6,16,3
seconde,6,14,13
lycées,6,10,5
fondamentaux,6,9,13
soldats,6,9,81
collectivement,6,3,20
sauvage,6,11,3
erreur,6,46,20
terrain,6,25,52
chiffre,6,17,3
retard,6,13,3
financière,6,51,8
intellectuels,6,9,5
cathédrale,6,13,4
marins,6,28,17
enfance,6,4,12
convergence,6,21,14
champion,6,4,8
verte,6,40,12
constitution,6,151,15
cancer,6,5,9
faisant,6,31,10
lié,6,14,4
complaisance,6,7,4
pape,6,26,3
maintenir,6,16,18
culturels,6,4,6
utiliser,6,32,9
protège,6,27,53
rupture,6,34,3
juive,6,4,3
humaine,6,90,12
publics,6,54,33
vienne,6,27,8
cannes,6,21,5
avis,6,62,6
fermeté,6,5,9
portes,6,17,11
apprendre,6,28,16
sanofi,6,22,4
engagés,6,18,62
abandon,6,12,5
education,6,6,4
continue,6,95,51
animaux,6,50,6
énergie,6,94,61
histoires,6,10,8
signifie,6,11,6
commerces,6,8,7
existent,6,22,9
intérieure,6,3,5
terrible,6,35,12
meilleures,6,5,6
mélange,6,8,5
mener,6,26,43
transformé,6,15,5
terroriste,6,25,47
thème,6,29,5
franco,6,19,95
nouvelles,6,74,56
espagne,6,54,24
accroître,6,3,7
intervient,6,7,3
entrepreneurs,6,7,47
écouter,6,34,12
mène,6,41,4
rendus,6,9,5
complet,6,33,6
reprendre,6,22,16
afghanistan,6,17,11
nationaliste,6,6,3
violent,6,22,3
considéré,6,4,3
entend,6,23,6
différents,6,12,9
donnent,6,22,4
figure,6,21,6
utilisation,6,40,11
appeler,6,26,9
marie,6,43,9
profiter,6,13,3
micro,6,3,5
paye,6,41,5
zones,6,11,21
diagnostic,6,5,7
blanche,6,13,7
premières,6,46,30
intervention,6,539,37
retraités,6,16,13
aimé,6,16,9
ancienne,6,23,6
routes,6,10,6
surveillance,6,14,5
organisé,6,57,6
inédit,6,16,15
totalement,6,22,6
vivant,6,12,15
règle,6,83,8
viens,6,33,10
objectifs,6,23,27
compter,6,17,24
bel,6,12,7
fondement,6,3,5
rome,6,19,9
répondre,6,79,78
médecin,6,6,5
frappe,6,16,8
proche,6,12,27
résoudre,6,4,10
paysage,6,12,3
réconciliation,6,5,5
arrêté,6,8,5
individuelles,6,6,4
définir,6,18,8
participé,6,25,8
réchauffement,6,11,26
rentrée,6,34,35
culte,6,17,3
course,6,9,7
consiste,6,26,9
frappé,6,14,7
promis,6,16,9
autonomie,6,43,17
accueilli,6,7,9
onu,6,110,41
plenel,6,4,3
amérique,6,41,7
opposition,6,131,3
total,6,65,8
détriment,6,6,3
compétences,6,6,15
exclusif,6,51,3
francetvinfo,6,19,5
alexandre,6,7,5
propositions,6,306,29
pouvait,6,19,6
soutiens,6,12,10
malgré,6,12,18
patron,6,33,5
lâcher,6,10,4
tester,6,19,3
vaccination,6,25,28
nationaux,6,15,6
rtl,6,539,11
décident,6,10,3
colère,6,38,39
indispensable,6,22,43
bobigny,6,22,5
actes,6,48,51
compagnie,6,6,8
transformer,6,19,35
montreuil,6,7,4
reçu,6,38,14
nationalisme,6,6,11
posez,6,26,6
parfaitement,6,6,5
accueille,6,11,10
fils,6,6,12
attaquent,6,5,4
usines,6,18,4
lancé,6,23,31
tours,6,5,4
troisième,6,96,5
valent,6,6,3
eau,6,383,7
images,6,79,8
combien,6,59,5
participer,6,91,19
atteint,6,19,7
félicitations,6,21,44
patrimoine,6,7,35
cessé,6,18,4
touche,6,11,6
incroyable,6,46,5
alerte,6,112,5
bord,6,24,7
problèmes,6,80,19
armées,6,30,58
énergies,6,67,21
libération,6,62,24
philosophie,6,11,7
engager,6,25,33
liés,6,11,21
consommation,6,33,3
engage,6,12,49
élysée,6,41,130
égard,6,18,24
stand,6,26,8
julien,6,12,4
new,6,7,11
sociétés,6,16,15
inde,6,8,15
envoyer,6,23,4
reprise,6,24,16
univers,6,5,4
york,6,6,3
remplace,6,3,3
méritent,6,9,6
post,6,31,4
samedi,6,423,19
gagner,6,70,34
journées,6,20,5
capitalisme,6,104,4
engagement,6,35,209
noire,6,11,4
affirmer,6,13,4
italien,6,12,10
corps,6,41,9
députés,6,232,7
ministère,6,51,16
forts,6,16,22
protègent,6,4,10
agi,6,4,9
paul,6,11,10
connu,6,30,14
largement,6,19,9
utile,6,67,12
transmettre,6,3,9
île,6,22,22
cherche,6,26,4
affaires,6,82,10
chance,6,28,43
via,6,20,5
meilleure,6,14,15
confinementjour,6,5,4
passent,6,35,6
pages,6,17,5
vrais,6,8,10
période,6,48,37
religions,6,52,7
château,6,8,9
piège,6,14,6
montrent,6,22,10
ferme,6,43,17
indispensables,6,15,10
pouvoirs,6,44,5
kaboul,6,4,6
sorti,6,12,3
prépare,4,28,5
accompagnement,4,3,11
précisément,4,5,4
numérique,4,104,87
nés,4,5,5
optimisme,4,6,6
vacciner,4,8,42
horreur,4,9,9
partagent,4,6,22
former,4,18,23
logements,4,30,13
suprême,4,8,3
rêver,4,10,21
citoyenneté,4,10,3
interdiction,4,44,8
soin,4,11,11
évident,4,8,3
intégrer,4,8,3
provence,4,25,12
achève,4,6,8
interventions,4,28,3
incendie,4,15,10
enfermer,4,3,5
bourdindirect,4,497,54
cadres,4,7,3
arriver,4,53,19
ouvre,4,37,21
devait,4,28,4
nommé,4,10,4
organisation,4,104,96
respectent,4,5,7
opération,4,27,28
connaître,4,25,7
émotion,4,12,23
guadeloupe,4,146,13
courageux,4,9,9
énormément,4,8,5
techniques,4,11,7
lançons,4,9,18
particuliers,4,7,4
véran,4,12,3
partageons,4,7,38
diplomatique,4,8,14
source,4,23,3
journée,4,187,69
tombé,4,8,7
pèsent,4,18,4
naufrage,4,22,3
conquête,4,9,15
parfois,4,39,47
parlementaires,4,84,12
républicaines,4,9,3
salles,4,18,8
économies,4,23,23
limiter,4,8,7
artisans,4,7,6
entendu,4,19,19
trouverez,4,3,5
neuf,4,20,3
mondial,4,42,76
nôtres,4,18,6
dehors,4,35,7
réelle,4,30,4
pollution,4,34,10
didier,4,4,4
espérance,4,23,23
rues,4,19,13
climatique,4,158,92
espoir,4,19,33
intégrité,4,3,3
traitement,4,33,5
risques,4,11,39
touchés,4,3,16
migrations,4,11,20
palestiniens,4,6,9
traité,4,143,20
hôtel,4,3,8
fédérale,4,5,10
tenus,4,6,8
utilisées,4,7,4
dîner,4,4,17
quelqu,4,87,11
produire,4,124,25
immédiatement,4,14,3
assure,4,7,7
prouve,4,13,4
voyage,4,13,10
compromis,4,17,4
fraternité,4,94,36
apporte,4,15,11
quitté,4,20,5
hausse,4,27,13
taxe,4,24,24
douleur,4,5,9
garder,4,14,10
échangé,4,3,10
vis,4,23,7
propriété,4,16,3
fabriqué,4,6,6
marchés,4,7,8
soignants,4,36,51
baissé,4,7,3
tenu,4,72,33
viande,4,10,5
organisée,4,69,4
précédent,4,20,11
petites,4,23,6
dizaines,4,31,8
tunisie,4,50,24
intervenir,4,15,3
enthousiasme,4,13,6
cinéma,4,7,14
retrouvé,4,7,3
pourront,4,18,17
positions,4,7,5
savait,4,12,7
nationalistes,4,5,15
termes,4,7,14
travaillé,4,9,11
annoncé,4,32,18
déficit,4,20,8
amoureux,4,4,3
dois,4,18,5
réseau,4,36,9
connais,4,14,3
socialement,4,4,3
assemblée,4,918,33
ursula,4,3,5
changement,4,205,39
humains,4,109,18
privée,4,53,4
lancer,4,27,15
bioéthique,4,6,5
complète,4,141,5
supérieur,4,19,11
conflits,4,14,9
terribles,4,3,5
coupe,4,8,10
manifestation,4,174,4
offre,4,41,19
neutre,4,28,5
créé,4,149,23
continuité,4,6,5
défenseurs,4,5,3
entré,4,13,4
révolutions,4,38,3
mesdames,4,6,4
présentation,4,72,9
concernés,4,3,4
suivi,4,24,12
ramener,4,13,5
panthéon,4,5,16
secteurs,4,20,21
angoisse,4,9,3
postes,4,52,6
membres,4,45,53
décide,4,45,9
financier,4,34,4
match,4,11,7
commencé,4,74,7
moscou,4,22,5
adresser,4,12,8
souhaitons,4,4,12
port,4,37,13
clé,4,15,18
voyez,4,26,4
quitte,4,18,4
connaissance,4,9,7
processus,4,65,12
posé,4,12,9
laissera,4,4,3
renouvelables,4,47,4
appelé,4,67,8
milieu,4,14,11
régionale,4,10,6
artistes,4,13,22
libérer,4,21,26
engagent,4,7,32
directs,4,4,3
catastrophes,4,5,3
chercher,4,37,14
pau,4,60,14
grenoble,4,40,3
occuper,4,23,3
irak,4,18,18
suisse,4,12,6
veille,4,37,10
domaines,4,16,7
souffre,4,9,3
joebiden,4,3,4
hégémonie,4,4,4
mer,4,272,57
erreurs,4,9,8
défis,4,15,93
immobilier,4,4,4
combats,4,17,42
martyr,4,5,4
internationales,4,13,8
large,4,15,12
subi,4,7,3
domicile,4,28,9
status,4,6,11
vol,4,8,5
certain,4,26,4
proposition,4,179,4
considérer,4,13,3
the,4,10,86
améliorer,4,19,21
voter,4,215,14
films,4,4,4
usine,4,27,24
passées,4,7,6
présidentielles,4,9,3
souvenir,4,14,31
résisté,4,4,4
vise,4,7,3
sources,4,5,3
titre,4,27,17
logement,4,75,17
assurer,4,24,44
fermeture,4,20,8
assad,4,4,16
afin,4,32,18
cinquième,4,6,6
faute,4,37,7
pib,4,27,6
anniversaire,4,139,34
chanson,4,7,4
travailleurs,4,144,32
désaccords,4,6,6
directement,4,23,5
type,4,37,4
peau,4,32,3
joie,4,9,12
servir,4,22,15
mobilisation,4,121,57
compassion,4,15,3
étude,4,9,3
résister,4,21,4
demandes,4,15,3
quart,4,4,6
église,4,12,6
renault,4,27,4
gérard,4,12,3
gilles,4,14,4
méditerranée,4,40,36
adressé,4,5,3
remise,4,13,16
porté,4,20,25
trafics,4,8,5
décès,4,22,9
sanctions,4,23,4
défendu,4,75,8
bloc,4,10,16
pensé,4,8,5
tué,4,18,5
incendies,4,6,15
jeux,4,19,33
données,4,12,6
avancée,4,20,17
proches,4,26,83
secteur,4,27,33
modèles,4,5,3
départements,4,6,7
préfère,4,27,3
auprès,4,20,16
installe,4,9,4
proposer,4,76,20
attentat,4,33,17
passion,4,3,7
inédite,4,5,18
têtes,4,18,3
quinze,4,4,6
résumé,4,6,4
organisent,4,28,4
mensonges,4,30,12
victoires,4,3,4
adopter,4,8,8
mettons,4,32,9
fier,4,16,32
attends,4,10,7
ère,4,147,12
indignation,4,12,8
assumer,4,23,7
acceptons,4,12,4
connaissons,4,7,8
sophie,4,10,7
prière,4,3,4
impôt,4,125,14
radicalisation,4,4,4
vols,4,4,3
peser,4,10,6
bénéficient,4,3,3
agricole,4,30,27
littérature,4,6,9
réalisé,4,53,3
casser,4,4,4
payé,4,29,11
justifier,4,5,4
mesurer,4,6,3
bayrou,4,20,10
compatible,4,23,5
menacent,4,11,5
répéter,4,12,3
leaders,4,7,11
péril,4,11,5
code,4,124,3
quotidienne,4,14,9
supprime,4,12,6
élégance,4,5,3
battent,4,24,10
majeure,4,10,8
finances,4,42,6
libye,4,11,51
accords,4,35,25
actuel,4,22,5
ben,4,6,4
levée,4,26,7
assassinat,4,23,4
amiens,4,50,21
remercie,4,21,14
fonctionne,4,25,7
soigne,4,4,4
lumière,4,28,12
privés,4,14,8
live,4,320,315
demi,4,16,11
systèmes,4,8,10
préserver,4,12,20
inventer,4,16,14
professeurs,4,4,4
fruit,4,8,14
sept,4,45,5
bouge,4,5,5
allemand,4,128,37
réunification,4,3,4
franc,4,3,12
manche,4,3,3
challenges,4,5,13
lieux,4,29,13
lecteurs,4,8,3
geste,4,6,12
quatre,4,36,32
réduction,4,16,7
tourisme,4,3,9
claude,4,21,10
étape,4,23,56
croissance,4,11,27
pari,4,9,3
tenté,4,4,3
fondamentale,4,23,3
injuste,4,21,6
lance,4,50,11
interviews,4,3,3
vécu,4,9,15
participation,4,55,7
quitter,4,16,13
urgent,4,12,5
professionnels,4,16,14
universelle,4,28,5
locales,4,12,11
you,4,18,9
britannique,4,11,23
adieu,4,8,7
appartenance,4,5,4
appelez,4,7,6
forces,4,60,102
édouard,4,28,3
destruction,4,21,4
mené,4,11,16
ouverture,4,45,70
offert,4,5,3
base,4,63,29
faille,4,7,6
lettres,4,6,5
campagnes,4,21,4
naïveté,4,3,5
silence,4,53,14
futures,4,4,6
puissions,4,8,8
feront,4,15,5
puissances,4,10,12
centrales,4,27,7
solutions,4,41,62
territoriale,4,7,11
combattent,4,6,3
regarder,4,92,34
tunisien,4,8,4
pointe,4,19,8
lemonde,4,33,5
fondateur,4,15,13
transports,4,26,3
traduction,4,4,5
route,4,83,46
personnalités,4,18,4
investit,4,5,8
dur,4,16,6
obsession,4,7,3
fiscalité,4,6,6
alstom,4,67,7
organiser,4,80,16
opérations,4,9,21
dépenses,4,21,5
plateforme,4,50,4
outil,4,22,5
abonnez,4,26,8
usage,4,36,7
britanniques,4,9,16
subissent,4,8,5
humain,4,159,15
cohérent,4,11,6
nuit,4,52,34
exécutif,4,11,4
situations,4,15,8
misère,4,45,7
rassemblements,4,11,3
répond,4,146,19
apporter,4,21,46
présenter,4,45,8
remercier,4,10,8
lève,4,14,4
signé,4,61,8
devez,4,20,6
alger,4,3,3
fhollande,4,19,5
criminalité,4,3,3
grèce,4,340,22
fonds,4,30,32
arrivé,4,20,20
bretagne,4,16,10
mains,4,42,15
las,4,4,3
cesser,4,45,5
paraître,4,4,4
maladie,4,24,10
tournée,4,9,13
déplacement,4,29,15
respectée,4,9,5
visages,4,5,27
seules,4,10,8
tristesse,4,6,16
crises,4,9,31
distribuer,4,10,3
fondamental,4,18,5
effet,4,63,11
attachés,4,3,6
existence,4,24,5
fera,4,58,19
complexe,4,4,7
